{"cameraMode":{"drawMode":0,"name":"Shaded","section":"Shading Mode"},"sceneLighting":false,"audioPlay":false,"sceneViewState":{"m_AlwaysRefresh":false,"showFog":true,"showSkybox":false,"showFlares":true,"showImageEffects":true,"showParticleSystems":true,"showVisualEffectGraphs":true,"m_FxEnabled":true},"in2DMode":false,"pivot":{"x":3.8109374046325685,"y":0.006093025207519531,"z":18.10079574584961},"rotation":{"x":0.28642168641090395,"y":0.19204916059970857,"z":-0.05871393531560898,"w":0.9368383288383484},"size":5.348151206970215,"orthographic":false}