{"cameraMode":{"drawMode":0,"name":"Shaded","section":"Shading Mode"},"sceneLighting":true,"audioPlay":false,"sceneViewState":{"m_AlwaysRefresh":false,"showFog":true,"showSkybox":true,"showFlares":true,"showImageEffects":true,"showParticleSystems":true,"showVisualEffectGraphs":true,"m_FxEnabled":true},"in2DMode":false,"pivot":{"x":3.5471432209014894,"y":2.010944366455078,"z":3.0729446411132814},"rotation":{"x":0.09944629669189453,"y":-0.003272625617682934,"z":0.0003324474091641605,"w":0.9950525164604187},"size":21.563989639282228,"orthographic":false}