{"cameraMode":{"drawMode":0,"name":"Shaded","section":"Shading Mode"},"sceneLighting":false,"audioPlay":false,"sceneViewState":{"m_AlwaysRefresh":false,"showFog":true,"showSkybox":false,"showFlares":true,"showImageEffects":true,"showParticleSystems":true,"showVisualEffectGraphs":true,"m_FxEnabled":true},"in2DMode":false,"pivot":{"x":-0.5164251923561096,"y":0.030140548944473268,"z":-2.158609390258789},"rotation":{"x":0.0012741847895085812,"y":-0.9986786842346191,"z":0.031776633113622668,"w":0.04076080024242401},"size":2.934161901473999,"orthographic":false}